video_id,filename
TR00510,videos/TR00510.mp4
TR00511,videos/TR00511.mp4
TR00512,videos/TR00512.mp4
TR00513,videos/TR00513.mp4
TR00514,videos/TR00514.mp4
TR00515,videos/TR00515.mp4
TR00516,videos/TR00516.mp4
TR00517,videos/TR00517.mp4
TR00518,videos/TR00518.mp4
TR00519,videos/TR00519.mp4
TR00520,videos/TR00520.mp4
TR00521,videos/TR00521.mp4
TR00522,videos/TR00522.mp4
TR00523,videos/TR00523.mp4
TR00524,videos/TR00524.mp4
TR00525,videos/TR00525.mp4
TR00526,videos/TR00526.mp4
TR00527,videos/TR00527.mp4
TR00528,videos/TR00528.mp4
TR00529,videos/TR00529.mp4
TR00530,videos/TR00530.mp4
TR00531,videos/TR00531.mp4
TR00532,videos/TR00532.mp4
TR00533,videos/TR00533.mp4
TR00534,videos/TR00534.mp4
TR00535,videos/TR00535.mp4
TR00536,videos/TR00536.mp4
TR00537,videos/TR00537.mp4
TR00538,videos/TR00538.mp4
TR00539,videos/TR00539.mp4
TR00540,videos/TR00540.mp4
TR00541,videos/TR00541.mp4
TR00542,videos/TR00542.mp4
TR00543,videos/TR00543.mp4
TR00544,videos/TR00544.mp4
TR00545,videos/TR00545.mp4
TR00546,videos/TR00546.mp4
TR00547,videos/TR00547.mp4
TR00548,videos/TR00548.mp4
TR00549,videos/TR00549.mp4
TR00550,videos/TR00550.mp4
TR00551,videos/TR00551.mp4
TR00552,videos/TR00552.mp4
TR00553,videos/TR00553.mp4
TR00554,videos/TR00554.mp4
TR00555,videos/TR00555.mp4
TR00556,videos/TR00556.mp4
TR00557,videos/TR00557.mp4
TR00558,videos/TR00558.mp4
TR00559,videos/TR00559.mp4
TR00560,videos/TR00560.mp4
TR00561,videos/TR00561.mp4
TR00562,videos/TR00562.mp4
TR00563,videos/TR00563.mp4
TR00564,videos/TR00564.mp4
TR00565,videos/TR00565.mp4
TR00566,videos/TR00566.mp4
TR00567,videos/TR00567.mp4
TR00568,videos/TR00568.mp4
TR00569,videos/TR00569.mp4
TR00570,videos/TR00570.mp4
TR00571,videos/TR00571.mp4
TR00572,videos/TR00572.mp4
TR00573,videos/TR00573.mp4
TR00574,videos/TR00574.mp4
TR00575,videos/TR00575.mp4
TR00576,videos/TR00576.mp4
TR00577,videos/TR00577.mp4
TR00578,videos/TR00578.mp4
TR00579,videos/TR00579.mp4
TR00580,videos/TR00580.mp4
TR00581,videos/TR00581.mp4
TR00582,videos/TR00582.mp4
TR00583,videos/TR00583.mp4
TR00584,videos/TR00584.mp4
TR00585,videos/TR00585.mp4
TR00586,videos/TR00586.mp4
TR00587,videos/TR00587.mp4
TR00588,videos/TR00588.mp4
TR00589,videos/TR00589.mp4
TR00590,videos/TR00590.mp4
TR00591,videos/TR00591.mp4
TR00592,videos/TR00592.mp4
TR00593,videos/TR00593.mp4
TR00594,videos/TR00594.mp4
TR00595,videos/TR00595.mp4
TR00596,videos/TR00596.mp4
TR00597,videos/TR00597.mp4
TR00598,videos/TR00598.mp4
TR00599,videos/TR00599.mp4
TR00600,videos/TR00600.mp4
TR00601,videos/TR00601.mp4
TR00602,videos/TR00602.mp4
TR00603,videos/TR00603.mp4
TR00604,videos/TR00604.mp4
TR00605,videos/TR00605.mp4
TR00606,videos/TR00606.mp4
TR00607,videos/TR00607.mp4
TR00608,videos/TR00608.mp4
TR00609,videos/TR00609.mp4
TR00610,videos/TR00610.mp4
TR00611,videos/TR00611.mp4
TR00612,videos/TR00612.mp4
TR00613,videos/TR00613.mp4
TR00614,videos/TR00614.mp4
TR00615,videos/TR00615.mp4
TR00616,videos/TR00616.mp4
TR00617,videos/TR00617.mp4
TR00618,videos/TR00618.mp4
TR00619,videos/TR00619.mp4
TR00620,videos/TR00620.mp4
TR00621,videos/TR00621.mp4
TR00622,videos/TR00622.mp4
TR00623,videos/TR00623.mp4
TR00624,videos/TR00624.mp4
TR00625,videos/TR00625.mp4
TR00626,videos/TR00626.mp4
TR00627,videos/TR00627.mp4
TR00628,videos/TR00628.mp4
TR00629,videos/TR00629.mp4
TR02757,videos/TR02757.mp4
TR02767,videos/TR02767.mp4
TR02777,videos/TR02777.mp4
TR02786,videos/TR02786.mp4
